ScenarioID,Setpoint (oC),Gross EUI,Cooling EUI,Lighting EUI,Equipment EUI,Hot Wate EUI,Reduction
FOE5_Baseline,24.5,69.33915205,52.33915288,5,11.99999917,0,0%
FOE5_Scenario A ,25,67.00040088,50.00040171,5,11.99999917,0,3%
FOE5_Scenario_B,25.5,64.64800677,47.6480076,5,11.99999917,0,7%
FOE5_Scenario_C,26,62.27816928,45.27817011,5,11.99999917,0,10%